student_id,student_name,course_id,course_name,mark
2510659,Bui Anh Hien,001,course 1,17.3
2510557,Hoang Khanh Chau,001,course 1,15.9
2510832,Le Anh Khanh,001,course 1,18.6
2510812,Phan Khanh Khanh,001,course 1,2.2
2510630,Dang Duc Diem,001,course 1,18.9
2410589,Tran Thanh Giang,001,course 1,19.5
2510952,Nguyen Bao Linh,001,course 1,8.8
2510347,Do Anh Ngoc,001,course 1,8.4
2510264,Vu Quang Khanh,001,course 1,14.8
2510256,Ngo Huu Linh,001,course 1,5.5
2510789,Do Huu Giang,001,course 1,4.1
2410429,Bui Anh Minh,001,course 1,13.9
2410271,Dang Van Diem,001,course 1,14.1
2510876,Hoang Anh Linh,001,course 1,3.1
2410759,Hoang Minh Diem,001,course 1,14.8
2510392,Ngo Quang Minh,001,course 1,6.2
2410680,Nguyen Thanh Phuong,001,course 1,17.5
2410787,Nguyen Van Khanh,001,course 1,17.9
2410440,Phan Bao Chau,001,course 1,13.7
2510173,Hoang Anh Minh,001,course 1,10.9
2510279,Ngo Duc Phuong,001,course 1,0.6
2510491,Pham Quang Phuong,001,course 1,18.6
2410264,Phan Thi Ngoc,001,course 1,17.5
2510918,Bui Minh Phuong,001,course 1,11.7
2510994,Vu Duc Linh,001,course 1,7.3
2410981,Tran Bao Binh,001,course 1,5.7
2410315,Nguyen Huu Linh,001,course 1,0.5
2410326,Dang Thi Giang,001,course 1,9.7
2410140,Bui Thanh Linh,001,course 1,3.2
2510516,Nguyen Tuan Ngoc,001,course 1,14.9
2510659,Bui Anh Hien,002,course 2,14.4
2510557,Hoang Khanh Chau,002,course 2,13.8
2510832,Le Anh Khanh,002,course 2,11.6
2510812,Phan Khanh Khanh,002,course 2,0.8
2510630,Dang Duc Diem,002,course 2,9.0
2410589,Tran Thanh Giang,002,course 2,18.7
2510952,Nguyen Bao Linh,002,course 2,4.2
2510347,Do Anh Ngoc,002,course 2,13.3
2510264,Vu Quang Khanh,002,course 2,5.1
2510256,Ngo Huu Linh,002,course 2,7.1
2510789,Do Huu Giang,002,course 2,0.7
2410429,Bui Anh Minh,002,course 2,3.2
2410271,Dang Van Diem,002,course 2,14.4
2510876,Hoang Anh Linh,002,course 2,0.3
2410759,Hoang Minh Diem,002,course 2,18.9
2510392,Ngo Quang Minh,002,course 2,3.0
2410680,Nguyen Thanh Phuong,002,course 2,16.1
2410787,Nguyen Van Khanh,002,course 2,7.7
2410440,Phan Bao Chau,002,course 2,10.1
2510173,Hoang Anh Minh,002,course 2,14.2
2510279,Ngo Duc Phuong,002,course 2,8.6
2510491,Pham Quang Phuong,002,course 2,18.9
2410264,Phan Thi Ngoc,002,course 2,8.6
2510918,Bui Minh Phuong,002,course 2,19.7
2510994,Vu Duc Linh,002,course 2,3.4
2410981,Tran Bao Binh,002,course 2,6.5
2410315,Nguyen Huu Linh,002,course 2,3.1
2410326,Dang Thi Giang,002,course 2,15.3
2410140,Bui Thanh Linh,002,course 2,11.8
2510516,Nguyen Tuan Ngoc,002,course 2,6.3
2510659,Bui Anh Hien,003,course 3,11.1
2510557,Hoang Khanh Chau,003,course 3,2.4
2510832,Le Anh Khanh,003,course 3,2.7
2510812,Phan Khanh Khanh,003,course 3,9.4
2510630,Dang Duc Diem,003,course 3,10.0
2410589,Tran Thanh Giang,003,course 3,9.5
2510952,Nguyen Bao Linh,003,course 3,1.1
2510347,Do Anh Ngoc,003,course 3,0.3
2510264,Vu Quang Khanh,003,course 3,13.5
2510256,Ngo Huu Linh,003,course 3,13.3
2510789,Do Huu Giang,003,course 3,18.9
2410429,Bui Anh Minh,003,course 3,0.3
2410271,Dang Van Diem,003,course 3,16.7
2510876,Hoang Anh Linh,003,course 3,19.6
2410759,Hoang Minh Diem,003,course 3,9.6
2510392,Ngo Quang Minh,003,course 3,0.2
2410680,Nguyen Thanh Phuong,003,course 3,5.0
2410787,Nguyen Van Khanh,003,course 3,8.7
2410440,Phan Bao Chau,003,course 3,19.5
2510173,Hoang Anh Minh,003,course 3,6.5
2510279,Ngo Duc Phuong,003,course 3,8.3
2510491,Pham Quang Phuong,003,course 3,6.4
2410264,Phan Thi Ngoc,003,course 3,17.7
2510918,Bui Minh Phuong,003,course 3,4.9
2510994,Vu Duc Linh,003,course 3,16.2
2410981,Tran Bao Binh,003,course 3,8.2
2410315,Nguyen Huu Linh,003,course 3,0.7
2410326,Dang Thi Giang,003,course 3,8.7
2410140,Bui Thanh Linh,003,course 3,10.3
2510516,Nguyen Tuan Ngoc,003,course 3,18.5
