id,name,dob
2510659,Bui Anh Hien,23/12/2007
2510557,Hoang Khanh Chau,31/03/2007
2510832,Le Anh Khanh,10/10/2007
2510812,Phan Khanh Khanh,17/09/2007
2510630,Dang Duc Diem,16/04/2007
2410589,Tran Thanh Giang,05/09/2006
2510952,Nguyen Bao Linh,07/01/2007
2510347,Do Anh Ngoc,01/10/2007
2510264,Vu Quang Khanh,05/06/2007
2510256,Ngo Huu Linh,30/01/2007
2510789,Do Huu Giang,30/08/2007
2410429,Bui Anh Minh,17/12/2006
2410271,Dang Van Diem,08/12/2006
2510876,Hoang Anh Linh,01/01/2007
2410759,Hoang Minh Diem,22/02/2006
2510392,Ngo Quang Minh,20/12/2007
2410680,Nguyen Thanh Phuong,27/11/2006
2410787,Nguyen Van Khanh,10/03/2006
2410440,Phan Bao Chau,08/05/2006
2510173,Hoang Anh Minh,25/01/2007
2510279,Ngo Duc Phuong,17/07/2007
2510491,Pham Quang Phuong,03/11/2007
2410264,Phan Thi Ngoc,26/07/2006
2510918,Bui Minh Phuong,22/01/2007
2510994,Vu Duc Linh,16/04/2007
2410981,Tran Bao Binh,27/12/2006
2410315,Nguyen Huu Linh,30/06/2006
2410326,Dang Thi Giang,19/12/2006
2410140,Bui Thanh Linh,04/05/2006
2510516,Nguyen Tuan Ngoc,29/01/2007
